episode,episode_reward,avg_loss,episode_steps,global_step,num_tls,epsilon_end,arrived_vehicles,avg_wait_time,avg_travel_time,avg_stops,avg_queue,decision_cycle_sec,decision_steps,waiting_total,cycle_60_count,cycle_90_count,cycle_120_count,cycle_60_pct,cycle_90_pct,cycle_120_pct,cycle_entropy,phase_name,phase_episode
1,-298.8208455433455,0.0,19,171,9,0.99658,3560,123.72893258426966,307.7935393258427,6.2856741573033705,349.48618784530385,60.0,70,11494.75,8,6,5,45.0,30.0,25.0,1.5394910703001345,phase1_warmup,1
2,-367.59770757020755,15.244144959883256,20,351,9,0.99278,3605,123.73148404993066,306.6574202496533,6.475450762829404,443.8642857142857,90.0,100,23304.75,10,6,4,46.34146341463415,31.70731707317073,21.951219512195124,1.5198528801243487,phase1_warmup,2
3,-311.4939743589744,14.801523791419136,18,513,9,0.98936,3678,142.69004893964112,356.6968461120174,8.659597607395323,499.12857142857143,120.0,130,33596.25,5,5,8,40.0,30.0,30.0,1.5709505944546684,phase1_warmup,3
4,-306.7348382173382,13.953930302670127,19,684,9,0.98575,3461,119.34556486564577,301.00693441201963,6.271597804102861,323.8820652173913,120.0,130,28584.25,8,5,6,40.0,28.749999999999996,31.25,1.5701989732163695,phase1_warmup,4
5,-323.8501251526251,11.702361053890652,18,846,9,0.98233,3712,148.64331896551724,334.05172413793105,7.6484375,477.0032258064516,120.0,130,29058.25,3,10,5,35.35353535353536,33.33333333333333,31.313131313131315,1.5831950326665196,phase1_warmup,5
6,-408.60027167277167,10.701464703208522,19,1017,9,0.97872,3714,150.76332794830373,354.43834141087774,8.752019386106623,545.7309782608696,60.0,70,18299.75,6,9,4,35.294117647058826,35.294117647058826,29.411764705882355,1.5798634010685344,phase1_warmup,6
7,-347.7738766788767,10.330278301239014,20,1197,9,0.97492,3570,127.86582633053222,310.88543417366947,6.635014005602241,386.63617021276593,90.0,100,19821.5,8,8,4,35.714285714285715,36.42857142857142,27.857142857142858,1.5748745279098937,phase1_warmup,7
8,-395.27709706959706,9.793551921844482,18,1359,9,0.9715,3261,139.37166513339466,333.6727997546765,7.681386077890218,532.9222222222222,120.0,130,51581.25,6,6,6,35.22012578616352,35.84905660377358,28.930817610062892,1.5784775689872566,phase1_warmup,8
9,-302.7884768009768,9.685921245151096,18,1521,9,0.96808,3528,146.5762471655329,336.65702947845807,7.26984126984127,446.7048387096774,120.0,130,26945.25,7,2,9,35.39325842696629,33.146067415730336,31.46067415730337,1.5832814605839864,phase1_warmup,9
10,-224.00843711843712,9.631158298916286,18,1683,9,0.96466,3027,110.52428146679881,300.33531549388834,6.896266930954741,221.7761111111111,120.0,130,16985.5,6,6,6,35.025380710659896,32.99492385786802,31.979695431472084,1.5839262836947623,phase1_warmup,10
11,-309.1923626373626,8.785499924107603,19,1854,9,0.96105,3480,120.58563218390805,300.44626436781607,6.039080459770115,311.3425414364641,60.0,70,12632.75,8,6,5,35.944700460829495,32.71889400921659,31.336405529953915,1.5825609478310652,phase1_warmup,11
12,-360.2507203907204,8.303290295600892,20,2034,9,0.95725,3507,149.0998003992016,352.1243227830054,8.696606786427147,464.9881081081081,120.0,130,34695.5,10,5,5,36.97478991596639,31.932773109243694,31.092436974789916,1.5806496014661915,phase1_warmup,12
13,-275.2476678876679,7.830889174812718,19,2205,9,0.95364,3336,123.46942446043165,310.7056354916067,7.668165467625899,280.1149732620321,120.0,130,22120.75,7,6,6,36.82170542635659,31.782945736434108,31.3953488372093,1.5810590484318685,phase1_warmup,13
14,-543.0949938949939,7.434010529518128,20,2385,9,0.94984,3440,158.80406976744186,362.8703488372093,9.12936046511628,706.8769633507853,120.0,130,69455.75,9,5,6,37.27598566308244,31.182795698924732,31.54121863799283,1.5799930062177356,phase1_warmup,14
15,-228.779590964591,7.450255113489487,17,2538,9,0.94661,2973,121.41574167507568,328.983181971073,7.515977127480659,243.4989010989011,120.0,130,17102.5,3,7,7,36.02693602693603,31.64983164983165,32.323232323232325,1.5825860579325783,phase1_warmup,15
16,-298.3686721611722,6.688616991043091,18,2700,9,0.94319,3479,127.77895947111239,319.49841908594425,7.168439206668583,347.5883333333333,90.0,100,22241.5,6,6,6,35.75949367088608,31.962025316455694,32.278481012658226,1.5830624969367864,phase1_warmup,16
17,-337.2039255189254,6.2212757562336165,19,2871,9,0.93958,3332,129.60084033613447,321.2280912364946,7.645558223289315,375.1836956521739,120.0,130,33067.5,8,5,6,36.01190476190476,31.547619047619047,32.44047619047619,1.5825730439257542,phase1_warmup,17
18,-263.3703235653236,5.888811164432102,18,3033,9,0.93616,3265,107.16416539050536,286.99632465543647,5.740275650842267,265.7699453551913,60.0,70,13343.25,5,7,6,35.774647887323944,31.83098591549296,32.3943661971831,1.5830145557115247,phase1_warmup,18
19,-306.871510989011,5.741561624738905,18,3195,9,0.93274,3796,127.18018967334037,315.3927818756586,6.866965226554267,412.9763440860215,120.0,130,33571.75,5,6,7,35.294117647058826,31.818181818181817,32.887700534759354,1.5835986798189534,phase1_warmup,19
20,-310.46362637362637,5.575701462595086,19,3366,9,0.92913,3451,151.68704723268618,354.8301941466242,9.198782961460447,447.0663043478261,90.0,100,21863.75,8,5,6,35.53299492385787,31.725888324873097,32.74111675126903,1.5832930024394831,phase1_warmup,20
21,-328.39379426129426,5.491343679882231,21,3555,9,0.92514,3435,146.68762736535663,349.5802037845706,8.958078602620088,414.0511111111111,60.0,70,12792.5,12,7,2,36.77884615384615,31.73076923076923,31.490384615384613,1.5811638121586458,phase1_warmup,21
22,-366.3981318681319,5.429251489185152,21,3744,9,0.92115,3551,124.23317375387215,313.04759222754154,7.392847085328077,370.31344086021505,60.0,70,13961.5,10,9,2,37.44292237442922,32.19178082191781,30.36529680365297,1.5791983989453429,phase1_warmup,22
23,-350.2708424908425,5.3993655575646295,18,3906,9,0.91773,3849,161.37126526370486,358.1787477266823,8.85190958690569,522.0790322580646,90.0,100,24043.75,6,4,8,37.199124726477024,31.947483588621445,30.85339168490153,1.5800600149527706,phase1_warmup,23
24,-362.4029822954824,5.371787372388337,19,4077,9,0.91412,3565,155.17475455820477,371.8852734922861,9.943057503506312,516.4593582887701,90.0,100,30075.0,5,10,4,36.68763102725367,32.914046121593294,30.398322851153043,1.580645832947213,phase1_warmup,24
25,-317.6706166056166,5.237624592251247,18,4239,9,0.9107000000000001,3734,143.5353508302089,339.31199785752545,8.421531869309051,464.65737704918035,60.0,70,13552.5,5,7,6,36.49193548387097,33.064516129032256,30.443548387096776,1.5809911693435028,phase1_warmup,25
26,-332.3646703296703,5.338187862845028,17,4392,9,0.90747,3848,161.24090436590436,357.0051975051975,8.628638253638254,504.56054054054056,90.0,100,22087.75,4,4,9,35.992217898832685,32.87937743190661,31.1284046692607,1.5823508330281486,phase1_warmup,26
27,-251.93440476190474,5.1655380305121925,17,4545,9,0.90424,3217,124.39633198632266,319.9679825924775,7.584706248057196,296.678021978022,90.0,100,18232.25,2,9,6,35.150375939849624,33.64661654135339,31.203007518796994,1.583235755552168,phase1_warmup,27
28,-419.58745726495727,5.283932434885125,19,4716,9,0.90063,3564,164.3280022446689,368.2825476992144,8.599887766554433,523.5433155080214,120.0,130,45794.25,6,8,5,34.96376811594203,33.8768115942029,31.15942028985507,1.5832871198207625,phase1_warmup,28
29,-403.3127258852259,5.309327292442322,20,4896,9,0.89683,3338,171.0476333133613,378.93109646494906,9.877771120431396,462.9610810810811,120.0,130,28761.0,11,3,6,35.602094240837694,33.1588132635253,31.239092495637,1.5828968096026865,phase1_warmup,29
30,-335.07132478632474,5.312111806869507,20,5076,9,0.89303,3741,134.02592889601712,325.9366479550922,7.608393477679765,400.57513513513516,120.0,130,27916.75,11,3,6,36.195286195286194,32.49158249158249,31.313131313131315,1.5821824040994739,phase1_warmup,30
31,-715.1510653235653,5.319333148002625,20,5256,9,0.88923,4269,177.5785898336847,381.33028812368235,9.846334036074023,959.3510638297872,90.0,100,44584.25,9,6,5,36.422764227642276,32.52032520325203,31.05691056910569,1.5816659390059904,phase2_moderate,1
32,-520.279474969475,5.402564154730903,18,5418,9,0.88581,4091,181.6328526032755,405.29406013199707,10.396480078220485,830.3835978835979,90.0,100,39710.75,3,9,6,35.80441640378549,33.12302839116719,31.07255520504732,1.5825310273668054,phase2_moderate,2
33,-628.4920695970695,5.382336775461833,18,5580,9,0.88239,3916,173.36491317671093,385.3340143003064,10.141981613891726,908.3579234972677,90.0,100,50159.75,6,5,7,35.68147013782542,33.078101071975496,31.240428790199083,1.5828138493351878,phase2_moderate,3
34,-607.1546520146521,5.52818519190738,19,5751,9,0.87878,3739,159.71088526343942,359.0682000534902,8.862797539449051,795.4850828729282,120.0,130,55791.75,9,4,6,35.95839524517088,32.68945022288261,31.352154531946507,1.582551893402155,phase2_moderate,4
35,-707.9038156288156,5.676859629781623,19,5922,9,0.87517,3528,151.39824263038548,345.7721088435374,7.657312925170068,776.1581521739131,120.0,130,89141.75,7,7,5,35.93073593073593,32.75613275613276,31.313131313131315,1.5825649257729397,phase2_moderate,5
36,-740.7176312576312,5.931980258540103,19,6093,9,0.87156,3713,201.4484244546189,417.4775114462699,11.032049555615405,1005.3826086956522,120.0,130,91473.25,7,7,5,35.90462833099579,32.81907433380084,31.276297335203367,1.5825745047822548,phase2_moderate,6
37,-574.2193956043955,5.915462418606407,19,6264,9,0.86795,3411,171.60715332746994,391.37965406039285,10.164174728818528,602.6950276243094,90.0,100,44435.5,8,6,5,36.01637107776262,32.87858117326057,31.105047748976805,1.58230062855453,phase2_moderate,7
38,-564.2499481074481,6.0617607434590655,18,6426,9,0.86453,3416,165.46896955503513,373.63612412177986,8.664812646370024,548.4430107526882,120.0,130,60988.75,6,4,8,35.90425531914894,32.57978723404255,31.515957446808514,1.5827156385815715,phase2_moderate,8
39,-674.5350549450549,6.145955138736301,18,6588,9,0.86111,3548,189.92559188275084,388.7564825253664,9.38923337091319,797.835,60.0,70,46959.5,6,6,6,35.927367055771725,32.555123216601814,31.517509727626457,1.5826837419857558,phase2_moderate,9
40,-724.5147588522589,6.303022066752116,18,6750,9,0.8576900000000001,3854,170.6512714063311,368.12714063310847,8.958484691229891,969.8928961748634,60.0,70,39748.25,6,5,7,35.949367088607595,32.40506329113924,31.645569620253166,1.5827034593874378,phase2_moderate,10
41,-488.8828021978022,6.340172688166301,18,6912,9,0.85427,3469,154.8103199769386,357.05102334966847,9.036609974055924,459.15222222222224,120.0,130,50038.5,7,4,7,35.97033374536465,32.138442521631646,31.89122373300371,1.582726438693379,phase2_moderate,11
42,-613.8050885225884,6.3717962265014645,20,7092,9,0.8504700000000001,3448,189.247969837587,400.7810324825986,10.70185614849188,854.2115384615385,60.0,70,35966.25,12,2,6,36.626506024096386,31.566265060240962,31.807228915662648,1.5814894081616444,phase2_moderate,12
43,-504.72291208791205,6.29938702583313,20,7272,9,0.84667,3197,134.17141069752893,336.90240850797625,7.917109790428527,382.2098901098901,120.0,130,49916.0,10,6,4,36.89776733254994,31.492361927144536,31.609870740305524,1.580904635760715,phase2_moderate,13
44,-588.6221611721612,6.418947537740071,18,7434,9,0.84325,3712,168.19154094827587,380.97225215517244,10.137661637931034,820.307650273224,120.0,130,78701.25,5,7,6,36.666666666666664,31.60919540229885,31.724137931034484,1.5814100721440516,phase2_moderate,14
45,-621.769246031746,6.485823035240173,20,7614,9,0.83945,3868,148.62693898655635,342.25180972078596,8.003102378490176,739.182967032967,90.0,100,43796.0,11,4,5,37.03703703703704,31.425364758698095,31.53759820426487,1.5805842349587458,phase2_moderate,15
46,-614.7313949938949,6.573286215464274,21,7803,9,0.83546,3309,145.93683892414626,351.25234209731036,9.168328800241765,499.0316666666667,60.0,70,32649.25,13,5,3,37.67798466593648,31.2157721796276,31.106243154435926,1.5789547097468715,phase2_moderate,16
47,-734.0431684981685,6.652435257321312,21,7992,9,0.83147,4112,171.69285019455253,377.81079766536965,9.847519455252918,825.0213114754098,60.0,70,30884.75,13,4,4,38.288770053475936,30.909090909090907,30.802139037433157,1.5771669709047467,phase2_moderate,17
48,-856.2861202686202,6.694458293914795,20,8172,9,0.82767,3816,200.0348532494759,426.21069182389937,10.700733752620545,1322.401081081081,60.0,70,44491.5,10,5,5,38.59832635983263,30.753138075313807,30.648535564853557,1.576173876010146,phase2_moderate,18
49,-755.2845024420026,6.5273805379867555,20,8352,9,0.82387,3656,169.25218818380745,369.73659737417944,9.582056892778994,934.1118918918919,90.0,100,57355.75,8,9,3,38.58751279426817,31.11566018423746,30.296827021494373,1.5761320813283592,phase2_moderate,19
50,-761.1954029304027,6.798286437988281,19,8523,9,0.82026,3965,181.42774274905423,405.26279949558636,10.193694829760403,1244.6541436464088,90.0,100,70676.5,8,6,5,38.61584754262788,31.19358074222668,30.19057171514544,1.5759989753265216,phase2_moderate,20
51,-477.9764621489621,6.792691908384624,19,8694,9,0.81665,3712,190.02505387931035,412.5188577586207,11.158674568965518,734.7820652173913,120.0,130,51552.75,8,5,6,38.64306784660767,31.071779744346117,30.285152409046212,1.575954039230532,phase2_moderate,21
52,-590.3825610500611,6.670335054397583,18,8856,9,0.81323,3721,192.1671593657619,404.5872077398549,10.53883364686912,898.4,120.0,130,75090.0,4,7,7,38.32046332046332,31.177606177606176,30.501930501930502,1.5770159187137196,phase2_moderate,22
53,-550.9247924297923,6.715701484680176,20,9036,9,0.80943,3307,155.56274569095856,350.63259752041125,8.033565164801935,469.98241758241755,120.0,130,49636.75,11,4,5,38.59981078524125,30.936613055818352,30.4635761589404,1.5761439695991921,phase2_moderate,23
54,-740.8062728937729,6.733075062433879,18,9198,9,0.80601,3466,176.58453548759377,389.3205424120023,9.424408540103865,781.1944444444445,90.0,100,74574.75,6,6,6,38.47583643122677,31.04089219330855,30.483271375464682,1.5765386714731802,phase2_moderate,24
55,-691.9899816849818,6.778953003883362,20,9378,9,0.80221,3685,163.10067842605156,359.2401628222524,8.117503392130258,726.5752747252748,60.0,70,35471.5,9,8,3,38.65086599817685,31.175934366453966,30.17319963536919,1.5758825738681312,phase2_moderate,25
56,-674.3932112332113,6.992764782905579,20,9558,9,0.7984100000000001,3433,179.8630935042237,406.12583745994755,10.956889018351296,641.1065934065934,60.0,70,30147.75,9,8,3,38.81932021466905,31.305903398926656,29.874776386404296,1.5751889471646994,phase2_moderate,26
57,-625.9367551892552,6.7972948425694515,19,9729,9,0.7948,4101,172.63447939526944,389.18775908315047,10.289929285540111,818.0552486187845,60.0,70,28939.5,7,8,4,38.84007029876977,31.45869947275923,29.701230228471005,1.5749946586730186,phase2_moderate,27
58,-785.800235042735,7.111900874546596,21,9918,9,0.79081,3692,197.4626218851571,401.9005958829903,10.16522210184182,925.8206349206349,90.0,100,54599.0,11,6,4,39.05172413793103,31.46551724137931,29.48275862068965,1.5741499189313006,phase2_moderate,28
59,-565.400415140415,6.759178018569946,20,10098,9,0.78701,3398,140.12419070041202,335.3116539140671,8.011183048852265,469.628021978022,60.0,70,25165.5,12,2,6,39.45808636748519,31.07535986452159,29.466553767993226,1.572802915139993,phase2_moderate,29
60,-642.4968101343102,6.832251934778123,21,10287,9,0.78302,3846,173.50884035361415,392.78471138845555,10.631305252210089,685.9602150537635,60.0,70,25756.5,11,7,3,39.73399833748961,31.08894430590191,29.177057356608476,1.571595726394967,phase2_moderate,30
61,-552.0941514041513,6.977578830718994,20,10467,9,0.77922,3565,144.56213183730716,344.24039270687234,8.529312762973351,476.8287234042553,120.0,130,53288.5,8,8,4,39.705882352941174,31.209150326797385,29.08496732026144,1.571605334125574,phase2_moderate,31
62,-670.8243742368743,7.003684234619141,20,10647,9,0.77542,3746,182.8323545114789,393.17164975974373,10.03310197544047,642.7968085106382,90.0,100,43784.25,10,4,6,39.83935742971887,31.08433734939759,29.076305220883537,1.5711259974744012,phase2_moderate,32
63,-469.13601037851043,6.866763140025892,19,10818,9,0.77181,4039,170.5808368408022,391.0430799702897,10.628373359742511,717.6165745856354,90.0,100,38985.0,7,8,4,39.76284584980237,31.30434782608696,28.932806324110672,1.571244277458617,phase2_moderate,33
64,-659.4000793650795,6.967257454281762,21,11007,9,0.76782,3574,173.67039731393396,396.8251259093453,10.19781757134863,628.2067708333333,120.0,130,67757.25,12,3,6,40.01554001554001,31.002331002331,28.98212898212898,1.570395142514199,phase2_moderate,34
65,-702.7332997557999,7.0394422054290775,20,11187,9,0.76402,3826,163.00940930475693,365.8044955567172,9.315473078933612,852.9654255319149,120.0,130,78778.25,9,6,5,40.0611620795107,30.963302752293576,28.97553516819572,1.5702200190224538,phase2_moderate,35
66,-400.2121794871795,7.013332870271471,18,11349,9,0.7605999999999999,3554,144.19555430500844,341.3545301069218,7.607484524479459,402.13870967741934,60.0,70,16349.75,6,4,8,40.015071590052756,30.821401657874908,29.163526752072343,1.5705574051229685,phase2_moderate,36
67,-744.9501556776556,7.036045483180454,21,11538,9,0.75661,3557,167.66432386842845,381.62777621591226,9.631149845375317,854.9022222222222,60.0,70,37011.75,12,7,2,40.32616753150482,30.83765752409192,28.836174944403258,1.569080595449003,phase2_moderate,37
68,-649.7044383394384,6.911840234483991,21,11727,9,0.75262,3999,187.76944236059015,419.04276069017254,12.4161040260065,939.6865591397849,120.0,130,57513.0,13,3,5,40.62727935813275,30.561633843909554,28.811086797957696,1.5678567231104517,phase2_moderate,38
69,-690.948205128205,6.900352803143588,22,11925,9,0.74844,4091,145.79173796137863,336.28526032754826,7.909068687362503,688.3569060773481,60.0,70,28591.75,14,7,1,41.03299856527977,30.55954088952654,28.407460545193686,1.5657767365391755,phase2_moderate,39
70,-669.8245146520147,6.955164003372192,20,12105,9,0.74464,4010,180.76608478802993,399.37880299251873,11.424189526184538,881.6664835164835,120.0,130,72604.0,9,8,3,41.06007067137809,30.671378091872793,28.26855123674912,1.5655073058331492,phase2_moderate,40
71,-906.2726251526252,6.913042902946472,20,12285,9,0.7408399999999999,3614,187.99557277255118,408.8101826231323,10.375760929717764,1355.8538461538462,90.0,100,72884.75,11,4,5,41.22562674094708,30.57103064066852,28.203342618384404,1.5647255617366898,phase2_moderate,41
72,-592.8408577533578,7.246478133731419,18,12447,9,0.73742,3325,144.8784962406015,343.1296240601504,7.774736842105263,536.9111111111112,60.0,70,32421.75,6,6,6,41.16838487972508,30.584192439862544,28.24742268041237,1.5650226430337375,phase2_moderate,42
73,-694.8241727716728,6.935643723136501,19,12618,9,0.7338100000000001,3903,182.12093261593645,390.0420189597745,9.905713553676659,851.291847826087,90.0,100,65124.25,8,5,6,41.152542372881356,30.576271186440678,28.271186440677965,1.5651176141116165,phase2_moderate,43
74,-769.8809432234433,7.161832237243653,20,12798,9,0.73001,3828,200.0937826541275,426.24320794148383,12.470480668756531,939.2244680851064,120.0,130,83574.25,8,8,4,41.1096256684492,30.681818181818183,28.208556149732622,1.5652267697801965,phase2_moderate,44
75,-537.3490476190477,7.100336903019955,19,12969,9,0.7264,3707,151.8111680604262,356.42972754248717,8.650930671702184,611.6519337016574,120.0,130,49340.5,9,4,6,41.16094986807388,30.54089709762533,28.298153034300793,1.5651115828235738,phase2_moderate,45
76,-1024.964630647131,7.192610287666321,20,13149,9,0.7226,3718,196.0311995696611,405.4744486282948,9.613770844540076,1239.3324175824175,60.0,70,53697.75,11,4,5,41.37931034482759,30.383864671437866,28.23682498373455,1.5640888498949574,phase3_baseline,1
77,-779.2363308913309,7.275290152605842,17,13302,9,0.7193700000000001,3597,204.77981651376146,430.85404503753125,10.70364192382541,935.3791208791209,120.0,130,98995.25,4,5,8,41.157556270096464,30.35369774919614,28.488745980707396,1.565318376492837,phase3_baseline,2
78,-965.574700854701,7.094115495681763,20,13482,9,0.71557,4388,226.0355515041021,464.66203281677303,12.025979945305378,1237.606282722513,120.0,130,104473.0,11,1,8,41.307106598984774,30.01269035532995,28.680203045685282,1.5647956545502675,phase3_baseline,3
79,-918.8599633699633,7.19601099114669,19,13653,9,0.7119599999999999,3847,204.8505328827658,438.0197556537562,12.087080842214712,1106.6132596685084,90.0,100,72857.75,8,6,5,41.290726817042604,30.075187969924812,28.634085213032584,1.5648394000043429,phase3_baseline,4
80,-1082.7014468864468,7.446599778674898,21,13842,9,0.70797,3380,179.04674556213018,400.51420118343196,10.807396449704141,1390.2805555555556,90.0,100,85227.25,13,5,3,41.5327564894932,30.03708281829419,28.43016069221261,1.563567209924323,phase3_baseline,5
81,-984.7126739926744,7.361520290374756,21,14031,9,0.70398,4024,181.31212723658052,415.633449304175,11.4110337972167,1100.7387978142076,120.0,130,101200.25,12,6,3,41.70731707317073,30.0,28.292682926829265,1.5626316613663889,phase3_baseline,6
82,-1005.6470238095237,7.221594953536988,20,14211,9,0.70018,4328,181.04505545286506,385.24838262476896,10.158502772643253,1265.3558510638297,120.0,130,109486.25,8,8,4,41.66164960866948,30.102347983142685,28.236002408187836,1.5627971257977955,phase3_baseline,7
83,-852.0118650793651,7.296814398332075,22,14409,9,0.696,4183,175.95194836241933,404.44059287592637,10.833373177145589,1180.283152173913,90.0,100,57575.5,13,8,1,41.8646080760095,30.225653206650833,27.909738717339668,1.5615062360860998,phase3_baseline,8
84,-779.0130128205129,7.441603899002075,20,14589,9,0.6921999999999999,3435,195.1112081513828,406.62096069868994,10.37962154294032,725.9252747252747,60.0,70,35556.75,10,6,4,41.9941348973607,30.205278592375368,27.80058651026393,1.5607659143131,phase3_baseline,9
85,-754.9669597069598,7.2771578062148325,21,14778,9,0.68821,4408,168.55966424682396,383.8917876588022,10.175589836660617,949.1244791666667,120.0,130,66298.5,12,3,6,42.154024319629414,29.99420961204401,27.851766068326576,1.560051345884642,phase3_baseline,10
86,-962.0513339438342,7.496327604566302,21,14967,9,0.68422,4181,171.58215737861755,394.6940923224109,10.352068883042334,1038.048087431694,60.0,70,45132.0,14,2,5,42.48141795311607,29.731275014293885,27.787307032590054,1.5583389243348127,phase3_baseline,11
87,-1250.215296092796,7.288119361514137,21,15156,9,0.68023,3735,204.5590361445783,421.36412315930386,11.365194109772423,1360.7725806451613,60.0,70,66678.5,12,5,4,42.68774703557312,29.64426877470356,27.66798418972332,1.5571474750619254,phase3_baseline,12
88,-934.2304395604395,7.544150602249872,21,15345,9,0.67624,3698,181.7201189832342,418.91968631692805,11.194159004867496,875.1047619047619,120.0,130,94178.0,12,4,5,42.83324037925265,29.503625209146684,27.66313441160067,1.5563688526151358,phase3_baseline,13
89,-850.3129792429792,7.62125908003913,18,15507,9,0.67282,3854,234.83082511676182,463.0843279709393,12.383757135443695,1120.7145161290323,120.0,130,84829.0,4,8,6,42.60485651214128,29.635761589403977,27.759381898454745,1.5576711546592015,phase3_baseline,14
90,-1055.6909493284495,7.474103017286821,22,15705,9,0.66864,3460,164.6485549132948,380.0601156069364,8.865317919075144,966.446195652174,60.0,70,51286.75,14,6,2,42.88828337874659,29.591280653950953,27.520435967302454,1.5559324981611287,phase3_baseline,15
91,-704.1311538461539,7.776265120506286,20,15885,9,0.66484,4010,194.99675810473815,417.95860349127184,10.748379052369078,1012.0978723404255,90.0,100,46526.0,9,6,5,42.887931034482754,29.63362068965517,27.478448275862068,1.5558895374889006,phase3_baseline,16
92,-895.6770695970696,7.584269205729167,21,16074,9,0.66085,3623,199.76897598675131,426.9447971294507,11.8415677615236,1149.3924731182797,60.0,70,46200.0,12,5,4,43.077742279020235,29.552715654952078,27.36954206602769,1.5547478046568095,phase3_baseline,17
93,-1058.8397924297926,7.628675892239525,21,16263,9,0.65686,3856,210.61877593360995,459.75077800829877,12.714211618257261,1549.9677595628416,60.0,70,55585.5,13,4,4,43.31578947368421,29.42105263157895,27.263157894736846,1.5533191727193756,phase3_baseline,18
94,-1239.9018192918195,7.71189649105072,20,16443,9,0.65306,3456,188.07552083333334,386.74508101851853,9.39525462962963,1339.545054945055,90.0,100,127182.25,10,6,4,43.36283185840708,29.463820926600732,27.173347214992194,1.5529550037895115,phase3_baseline,19
95,-769.9210500610501,7.748769092559814,20,16623,9,0.6492600000000001,4224,165.72064393939394,385.09564393939394,10.011126893939394,971.9248648648648,60.0,70,35903.0,11,3,6,43.51184346035015,29.299691040164777,27.188465499485066,1.5521315358146737,phase3_baseline,20
96,-1060.9439255189254,7.66342069989159,21,16812,9,0.64527,4449,212.2906271072151,425.3104068329962,11.018431108114182,1405.2316939890711,60.0,70,46739.0,11,8,2,43.63543788187373,29.378818737270873,26.985743380855396,1.551192682516499,phase3_baseline,21
97,-1011.2994963369963,7.5977538065476855,22,17010,9,0.6410899999999999,3330,200.54774774774774,434.22192192192193,11.547447447447448,903.5869565217391,60.0,70,46345.5,15,4,3,43.93558127830901,29.240060392551587,26.824358329139407,1.5492552991484256,phase3_baseline,22
98,-936.8518284493287,7.8979274988174435,20,17190,9,0.63729,4325,207.3248554913295,419.33410404624277,10.268439306358381,1087.351595744681,90.0,100,54106.75,10,4,6,43.97410358565737,29.183266932270918,26.84262948207171,1.5490506025918909,phase3_baseline,23
99,-903.0648840048841,7.889475266138713,18,17352,9,0.6338699999999999,3852,194.16407061266875,404.88369678089305,9.470664589823468,1045.898924731183,120.0,130,107562.75,5,6,7,43.80858411445486,29.205722742969908,26.985693142575233,1.5501921133589756,phase3_baseline,24
100,-919.953901098901,7.89504976272583,20,17532,9,0.63007,4167,200.03695704343653,426.26061915046796,11.150947924166067,1054.3016483516483,60.0,70,44983.25,12,2,6,43.994140625,29.00390625,27.001953125,1.5491094077522236,phase3_baseline,25
101,-990.9994291819291,7.850037938072568,21,17721,9,0.62608,3813,185.29609231576185,399.9166011014949,10.988198269079465,1062.5907103825136,60.0,70,50102.0,13,4,4,44.20289855072464,28.888888888888886,26.908212560386474,1.5477451349080886,phase3_baseline,26
102,-902.2523229548228,7.774139451980591,20,17901,9,0.6222799999999999,3888,190.70781893004116,404.50797325102883,10.802469135802468,1014.7324324324325,120.0,130,102063.0,10,5,5,44.23720707795313,28.83787661406026,26.924916307986607,1.5475508078208948,phase3_baseline,27
103,-892.3021581196581,7.777818658135154,22,18099,9,0.6181,4605,161.68338762214984,371.3743756786102,9.507491856677525,1007.2447368421052,120.0,130,71715.75,15,2,5,44.46546830652791,28.61873226111637,26.915799432355726,1.5461121869259522,phase3_baseline,28
104,-1105.6760622710624,7.890124300251836,23,18306,9,0.61373,3939,202.51789794364052,430.983244478294,12.04036557501904,1235.0475675675675,60.0,70,41166.5,17,4,2,44.808231992516376,28.484565014031805,26.707202993451823,1.543713282335832,phase3_baseline,29
105,-833.6726404151404,7.726714686343544,19,18477,9,0.61012,3742,189.40459647247462,403.706306787814,10.950293960448958,890.2478947368421,120.0,130,97501.25,6,7,6,44.670991658943464,28.544949026876736,26.7840593141798,1.5446761496367034,phase3_baseline,30
106,-768.7406684981684,8.027491067585192,19,18648,9,0.60651,4045,187.58887515451175,401.2380716934487,10.084548825710755,1039.8320441988951,120.0,130,83784.25,9,4,6,44.67401285583104,28.46648301193756,26.859504132231404,1.544722843557381,phase3_baseline,31
107,-1063.2263858363858,7.862097467694964,21,18837,9,0.60252,3891,191.6147519917759,391.5420200462606,9.353893600616807,1193.1377049180328,120.0,130,90151.75,13,4,4,44.81818181818182,28.363636363636363,26.81818181818182,1.543744361891252,phase3_baseline,32
108,-1001.6246031746033,7.799295266469319,21,19026,9,0.59853,4651,212.3242313480972,433.89228122984304,12.330896581380347,1282.6666666666667,60.0,70,34174.5,13,4,4,45.004500450045,28.26282628262826,26.732673267326735,1.542435327886984,phase3_baseline,33
109,-1054.0511507936508,7.812687714894612,21,19215,9,0.5945400000000001,3986,177.98093326643252,406.47491219267437,10.836176618163572,1285.4483333333333,90.0,100,83352.5,14,3,4,45.18716577540107,28.16399286987522,26.648841354723707,1.5411322912060372,phase3_baseline,34
110,-1116.172380952381,7.807342508564824,23,19422,9,0.5901700000000001,3643,161.30277244029645,362.0807027175405,9.210815262146582,1251.7016216216216,120.0,130,130817.5,17,4,2,45.45855379188713,28.04232804232804,26.499118165784836,1.539140201099728,phase3_baseline,35
111,-926.1253815628816,7.891353390433571,22,19620,9,0.58599,3983,178.1343208636706,408.81395932714037,11.982425307557119,1172.7577540106952,120.0,130,106648.25,15,3,4,45.656918376254914,27.89175032736796,26.451331296377127,1.5377059843417602,phase3_baseline,36
112,-1067.0690811965812,7.8931497443806045,22,19818,9,0.58181,4150,217.01807228915663,477.93180722891566,14.10289156626506,1277.7605263157895,120.0,130,94026.5,15,2,5,45.85133967156439,27.7009507346586,26.44770959377701,1.536305484275562,phase3_baseline,37
113,-1001.768785103785,7.656878839839589,22,20016,9,0.5776300000000001,3920,182.76020408163265,395.8668367346939,10.247448979591837,1138.641304347826,120.0,130,91153.25,16,2,4,46.08472400513479,27.513906718014546,26.401369276850662,1.53455949032276,phase3_baseline,38
114,-1070.3994597069598,7.979916663396926,21,20205,9,0.57364,3448,178.71983758700696,392.0959976798144,10.474767981438514,1144.2693989071038,120.0,130,121283.0,13,4,4,46.20601949978805,27.426875794828316,26.36710470538364,1.5336318833817002,phase3_baseline,39
115,-894.7839224664224,7.827165503250925,19,20376,9,0.57003,3951,223.23285244241964,466.98861047835993,13.399645659326753,1251.2526315789473,120.0,130,88394.25,7,5,7,46.111811685582175,27.40647330811265,26.48171500630517,1.5344008611098967,phase3_baseline,40
116,-823.2242582417582,7.693691205978394,20,20556,9,0.56623,3939,185.24295506473723,393.7184564610307,10.095963442498096,1103.5513513513513,90.0,100,50510.25,11,3,6,46.166666666666664,27.333333333333332,26.5,1.5339961927572086,phase3_baseline,41
117,-1030.752084859585,8.019863174075173,21,20745,9,0.5622400000000001,4144,210.02678571428572,451.90250965250965,12.634893822393822,1229.6573770491802,60.0,70,50238.25,12,6,3,46.2840627580512,27.332782824112307,26.383154417836497,1.5330503877222434,phase3_baseline,42
118,-1158.4405128205128,8.135057517460414,21,20934,9,0.55825,4361,204.39371703737675,419.0800275166246,11.142857142857142,1327.3598958333334,120.0,130,114522.25,10,7,4,46.27659574468085,27.373158756137478,26.350245499181668,1.5330896047788616,phase3_baseline,43
119,-1005.2293681318683,7.948855530131947,22,21132,9,0.5540700000000001,3739,196.97325488098423,414.52179727199785,11.695640545600428,1087.550276243094,60.0,70,41511.25,17,1,4,46.57478719092015,27.15849209566275,26.266720713417108,1.5307569313861138,phase3_baseline,44
120,-907.2884096459097,7.953730535507202,20,21312,9,0.55027,4126,206.30368395540475,434.014057198255,12.446921958313137,1060.939010989011,90.0,100,65316.0,11,4,5,46.62379421221865,27.13022508038585,26.2459807073955,1.5303648931107376,phase3_baseline,45
121,-848.7010805860806,7.9723816419902604,19,21483,9,0.54666,4378,185.66034719049793,389.98104157149385,9.978072179077204,1170.2088397790055,120.0,130,87200.25,10,2,7,46.65071770334928,26.993620414673046,26.35566188197767,1.530198624848429,phase3_baseline,46
122,-696.1423473748474,7.983652977716355,21,21672,9,0.54267,3789,153.6392187912378,364.1554499868039,10.034309844286092,583.4704918032787,60.0,70,26734.75,14,2,5,46.837944664031625,26.83794466403162,26.324110671936758,1.5286978171004095,phase3_baseline,47
123,-1038.4707478632477,7.875311721454967,22,21870,9,0.53849,3429,198.9915427238262,425.3108778069408,12.440944881889763,1307.5951871657753,120.0,130,110568.0,15,3,4,47.00352526439483,26.71367019193106,26.28280454367411,1.527347173836862,phase3_baseline,48
124,-673.6192582417582,8.012976906516336,22,22068,9,0.5343100000000001,4307,188.79359182725796,429.71929417227767,13.434409101462736,929.9267379679144,120.0,130,62087.5,15,3,4,47.16614906832298,26.5916149068323,26.242236024844722,1.5260034278344425,phase3_baseline,49
125,-748.0530647130648,7.789234356446699,22,22266,9,0.53013,4232,155.09640831758034,364.3962665406427,9.55694706994329,931.4082872928177,120.0,130,61700.5,17,1,4,47.402847248941896,26.39476721816083,26.202385532897267,1.524019321486095,phase3_baseline,50
126,-1127.5581593406594,8.007427970568338,24,22482,9,0.5255700000000001,3916,177.64198161389172,387.38687436159347,11.192543411644536,1123.512568306011,120.0,130,102826.0,21,1,2,47.7515243902439,26.181402439024392,26.067073170731707,1.5210237093245318,phase3_baseline,51
127,-813.5397374847375,7.984580538489602,22,22680,9,0.52139,4111,175.63780102164924,393.5993675504743,11.183653612259791,806.3157608695652,60.0,70,30416.75,16,2,4,47.97884397431054,26.029467321496035,25.99168870419343,1.5190323386053717,phase3_baseline,52
128,-1041.7697283272282,7.894593173807317,22,22878,9,0.5172100000000001,4379,207.06668189084266,449.43229047727795,12.944279515871203,1278.4070652173914,60.0,70,46813.75,16,2,4,48.20224719101124,25.880149812734082,25.91760299625468,1.517044598116885,phase3_baseline,53
129,-786.8348290598291,8.198109172639393,21,23067,9,0.51322,4255,179.993419506463,401.18542890716805,10.978143360752057,836.1972677595628,90.0,100,48458.5,13,4,4,48.29123328380386,25.854383358098072,25.854383358098072,1.516245002741078,phase3_baseline,54
130,-663.3237881562882,7.879903793334961,23,23274,9,0.50885,3971,165.13094938302694,392.0752958952405,10.732561067741123,573.3135135135135,60.0,70,26412.0,17,4,2,48.52724594992636,25.773195876288657,25.699558173784975,1.514100847647685,phase3_baseline,55
131,-980.7428083028083,7.938800551674583,22,23472,9,0.5046700000000001,4260,203.4793427230047,432.9899061032864,11.57793427230047,1186.6716577540108,90.0,100,61531.5,15,3,4,48.66739686016794,25.702811244979916,25.629791894852133,1.512812824915652,phase3_baseline,56
132,-999.7212393162392,7.8096744386773365,19,23643,9,0.5010600000000001,4020,162.38781094527363,365.8355721393035,8.079850746268656,1365.4684782608695,120.0,130,114945.25,9,3,7,48.64081188836535,25.62522653135194,25.73396158028271,1.5130571100958454,phase3_baseline,57
133,-1132.0744566544568,7.826304889860607,21,23832,9,0.49707,4154,203.0036109773712,423.74554646124216,11.986759749638903,1301.1322222222223,90.0,100,76573.5,14,3,4,48.75943905070119,25.5663430420712,25.674217907227614,1.5119598666321727,phase3_baseline,58
134,-1030.56173992674,7.841647329784575,21,24021,9,0.4930800000000001,4179,194.1170136396267,421.7020818377602,11.589614740368509,1065.8774193548388,90.0,100,68996.5,11,7,3,48.769175882982516,25.651088119871567,25.579735997145914,1.5118703643401625,phase3_baseline,59
135,-869.7013644688645,7.953806423005604,21,24210,9,0.48909,3846,176.80135205408217,390.6053042121685,10.755330213208529,678.2516129032258,60.0,70,38692.5,12,5,4,48.849557522123895,25.628318584070797,25.52212389380531,1.5111209141547595,phase3_baseline,60
136,-888.908775946276,8.046279304905942,19,24381,9,0.48548,4148,187.90091610414657,402.1887656702025,10.074975891996143,1180.143093922652,90.0,100,56481.5,9,4,6,48.82249560632689,25.62390158172232,25.553602811950793,1.5113742462610669,phase3_baseline,61
137,-1050.1937332112332,8.10316857047703,23,24588,9,0.48111000000000004,4321,185.51909280259198,422.90465170099515,12.203887988891461,1045.755135135135,60.0,70,43246.25,18,2,3,49.07633321714883,25.47926106657372,25.444405716277448,1.5089903116976524,phase3_baseline,62
138,-898.5758394383395,8.05908961918043,23,24795,9,0.47674000000000005,4161,162.5861571737563,392.02138908916123,11.268204758471521,977.75,90.0,100,59930.5,18,3,2,49.29139301762876,25.40615278257864,25.3024541997926,1.5069396529452086,phase3_baseline,63
139,-807.0361111111112,7.992981501988003,21,24984,9,0.47275,3687,168.18931380526172,380.6129644697586,9.862218605912666,675.3622222222223,60.0,70,34014.25,14,3,4,49.43396226415094,25.31732418524871,25.248713550600343,1.5055672563203304,phase3_baseline,64
140,-1010.5815476190475,7.990705490112305,20,25164,9,0.46895,4190,186.36873508353221,407.63174224343675,11.209546539379476,1051.7562162162162,60.0,70,49421.5,8,9,3,49.38692098092643,25.442779291553137,25.170299727520433,1.5060117538936568,phase3_baseline,65
141,-982.3913797313799,8.075160481713034,22,25362,9,0.46477,4178,167.3410722833892,368.69889899473435,8.947821924365725,1087.4527173913043,60.0,70,37041.5,15,4,3,49.54376478540048,25.380196012166273,25.076039202433254,1.5044890657866816,phase3_baseline,66
142,-897.5052289377288,7.915788491566976,21,25551,9,0.4607800000000001,4032,190.5922619047619,404.09598214285717,11.26860119047619,1090.8522222222223,60.0,70,41527.5,14,3,4,49.681314994968126,25.293525662529355,25.02515934250252,1.5031472211895038,phase3_baseline,67
143,-829.086926129426,8.000482678413391,24,25767,9,0.45621999999999996,4378,177.9947464595706,418.15486523526727,12.474874371859297,1072.3994623655915,60.0,70,38021.25,20,2,2,49.966733200266134,25.149700598802394,24.88356620093147,1.5003221371720135,phase3_baseline,68
144,-1089.7971672771673,8.135361339734947,23,25974,9,0.4518500000000001,3956,182.6200707785642,405.94034378159756,11.025278058645096,1094.9891891891891,60.0,70,52547.5,16,6,1,50.132013201320134,25.14851485148515,24.71947194719472,1.4986482120256002,phase3_baseline,69
145,-790.559304029304,7.7360943385532925,21,26163,9,0.4478599999999999,3746,171.34837159636947,383.87079551521623,10.424719701014416,821.5524590163934,60.0,70,44035.25,13,4,4,50.22935779816514,25.09829619921363,24.672346002621232,1.497664947094889,phase3_baseline,70
146,-765.8049053724053,7.907919812202453,20,26343,9,0.44406,4176,170.091714559387,385.10129310344826,10.255986590038313,847.5859459459459,120.0,130,77008.75,10,5,5,50.211519687601694,25.089489098600716,24.69899121379759,1.4978498005407417,phase3_baseline,71
147,-982.6031593406593,8.064192403446544,22,26541,9,0.43988000000000005,3930,173.1882951653944,377.20330788804074,9.86997455470738,1104.8552486187846,120.0,130,101256.5,15,5,2,50.32299741602068,25.064599483204137,24.612403100775193,1.4967102304508693,phase3_baseline,72
148,-973.7870238095237,7.643620408099631,23,26748,9,0.43551000000000006,4278,203.32374941561477,449.13534361851333,14.237026647966339,1373.0274725274726,60.0,70,46192.0,16,7,0,50.480769230769226,25.096153846153847,24.423076923076923,1.4950596186674452,phase3_baseline,73
149,-1104.4123107448108,8.086202621459961,22,26946,9,0.43133,4014,216.01245640259094,427.9357249626308,10.425012456402591,1339.8403314917127,60.0,70,36872.25,17,1,4,50.68405981546293,24.94432071269488,24.37161947184219,1.4929764034036959,phase3_baseline,74
150,-1089.6601343101345,8.08829723704945,22,27144,9,0.42715000000000003,3870,191.42713178294574,418.97183462532297,11.524806201550387,955.5391304347826,60.0,70,45880.25,17,0,5,50.884396715097914,24.76310802274163,24.352495262160453,1.4909055755866136,phase3_baseline,75
151,-1072.0333363858363,17.924440724509104,21,27333,9,0.4231600000000001,3632,188.82929515418502,395.08425110132157,8.963381057268723,1108.6918032786884,90.0,100,80045.75,12,6,3,50.90966122961104,24.811794228356337,24.278544542032623,1.4906228284524827,phase3_baseline,76
152,-807.6875915750915,20.359798749287922,24,27549,9,0.4186000000000001,3618,161.74267551133224,382.6467661691542,10.674682144831399,666.0677595628415,60.0,70,32672.75,21,1,2,51.19825708061002,24.649859943977592,24.151882975412388,1.4875664442686591,phase3_baseline,77
153,-838.525393772894,14.407667112350463,20,27729,9,0.41480000000000006,3684,161.41205211726384,358.93702497285557,8.737785016286646,1087.0087912087913,90.0,100,76198.0,7,12,1,51.082251082251084,24.891774891774894,24.025974025974026,1.488728962037574,phase3_baseline,78
154,-947.0891086691087,13.42395798365275,24,27945,9,0.41024000000000005,4380,174.81712328767122,406.3002283105023,11.761872146118721,960.8844086021505,60.0,70,39492.5,20,2,2,51.33476526541884,24.76219699294262,23.90303774163854,1.486028805934829,phase3_baseline,79
155,-1059.0118925518925,13.37088572460672,23,28152,9,0.40587000000000006,4226,190.2754377662092,419.78892569805964,11.707051585423569,1179.9113513513514,60.0,70,44282.25,17,4,2,51.50776728601889,24.70301553457204,23.78921717940908,1.4841420519332074,phase3_baseline,80
156,-706.8519413919413,13.070582675933839,20,28332,9,0.40207000000000004,4013,169.19536506354348,383.2845751308248,10.625716421629704,601.0227027027028,90.0,100,45909.0,10,5,5,51.483050847457626,24.727602905569007,23.789346246973366,1.4844038797415682,phase3_baseline,81
157,-986.3710134310134,13.339776584080287,21,28521,9,0.39808,4332,194.31648199445982,403.8157894736842,10.550554016620499,1175.4645161290323,60.0,70,46311.25,13,3,5,51.56343956704751,24.65423932651834,23.782321106434154,1.4835469749557464,phase3_baseline,82
158,-913.9359401709401,12.686889358188795,23,28728,9,0.39371,3995,161.71214017521902,382.32665832290365,11.2720901126408,871.6821621621622,60.0,70,31166.25,17,4,2,51.731343283582085,24.597014925373134,23.671641791044777,1.4816935049677804,phase3_baseline,83
159,-948.4984981684984,12.86296068538319,22,28926,9,0.38953000000000004,4208,208.8690589353612,440.4039923954373,11.876663498098859,978.0788043478261,90.0,100,58746.0,16,2,4,51.852949896234804,24.51823302697895,23.628817076786245,1.4803610727501098,phase3_baseline,84
160,-1110.2367368742368,12.911972336147143,23,29133,9,0.38516000000000006,3679,166.63413971187822,370.89344930687685,9.302256047839087,1250.6697297297296,60.0,70,59544.0,18,2,3,52.04592287312334,24.403885781571972,23.55019134530468,1.4782230329134052,phase3_baseline,85
161,-1216.1214285714286,12.902177651723227,24,29349,9,0.38060000000000005,3482,178.58960367604826,406.6536473291212,11.77283170591614,1020.6983606557377,90.0,100,86678.25,19,5,0,52.22092343658679,24.40093512565751,23.378141437755698,1.4762091296461333,phase3_baseline,86
162,-1048.0858669108668,12.82418225028298,22,29547,9,0.3764200000000001,3915,191.20715197956577,434.1072796934866,12.450063856960409,1311.4195652173912,60.0,70,51793.75,16,2,4,52.365747460087086,24.296081277213354,23.338171262699564,1.4745880739297657,phase3_baseline,87
163,-1129.9813156288158,13.070810525313668,23,29754,9,0.37205,4352,203.10638786764707,426.19485294117646,12.407169117647058,1214.927027027027,60.0,70,50972.75,18,2,3,52.55116748342462,24.18564427788988,23.2631882386855,1.4724801949423285,phase3_baseline,88
164,-1431.6766452991455,13.23248259226481,24,29970,9,0.3674900000000001,4132,209.99564375605033,442.35333978702806,13.140609874152952,1499.9255555555555,60.0,70,63270.25,21,2,1,52.804808242701775,24.06983400114482,23.125357756153406,1.4695444529864101,phase3_baseline,89
165,-860.6637515262514,12.963981586953867,23,30177,9,0.36312,4001,169.52886778305424,396.9797550612347,10.765808547863035,1080.5345945945946,60.0,70,38893.75,18,2,3,52.98465036952814,23.962478681068788,23.052870949403072,1.4674546701979525,phase3_baseline,90
166,-1026.0975732600732,13.159687042236328,21,30366,9,0.35913000000000006,4118,193.6617289946576,406.1104905293832,10.94026226323458,1249.0131147540983,120.0,130,97746.5,12,6,3,52.99435028248588,23.983050847457626,23.022598870056495,1.4673262976859234,phase3_baseline,91
167,-916.3305952380953,13.052099784215292,24,30582,9,0.35457000000000005,4025,194.72049689440993,438.41689440993787,13.883975155279503,1150.9644444444446,60.0,70,45214.0,20,4,0,53.2117812061711,23.927068723702664,22.861150070126225,1.4647285186839576,phase3_baseline,92
168,-727.5289590964591,13.230493089427119,23,30789,9,0.35019999999999996,3726,165.1100375738057,398.48121309715515,10.845679012345679,622.304945054945,60.0,70,33263.25,19,1,3,53.41320702145445,23.794928949568124,22.791864028977432,1.4623480377408213,phase3_baseline,93
169,-1166.8792002442003,12.974765300750732,24,31005,9,0.34564000000000006,4095,161.08400488400488,363.3655677655678,10.033211233211233,1119.0092896174863,60.0,70,48007.5,21,1,2,53.65246264526841,23.657996679579412,22.689540675152188,1.4594767076355808,phase3_baseline,94
170,-865.4850457875459,12.926284375398055,23,31212,9,0.34126999999999996,4372,165.84949679780422,381.6569075937786,10.021729185727356,912.8808510638298,90.0,100,59552.75,16,5,2,53.73831775700935,23.666849917537107,22.594832325453545,1.4584015074162768,phase3_baseline,95
171,-1310.3904609279605,12.868358294169107,24,31428,9,0.33670999999999995,4199,231.02643486544414,455.7563705644201,13.432960228625863,1343.3930107526883,60.0,70,46151.5,19,4,1,53.91755391755392,23.614523614523613,22.46792246792247,1.456185828994065,phase3_baseline,96
172,-1055.1918467643468,12.967378338178,24,31644,9,0.33215000000000006,4005,165.53533083645442,393.9882646691635,11.520349563046192,1040.25,60.0,70,35389.0,20,2,2,54.12147505422994,23.508676789587852,22.36984815618221,1.4536744625168176,phase3_baseline,97
173,-1049.477909035409,12.868732582439076,22,31842,9,0.32797,3752,191.48267590618337,403.97841151385927,11.239072494669509,1187.063101604278,120.0,130,98660.75,16,1,5,54.217192131500944,23.389921853947722,22.392886014551333,1.4525337563155036,phase3_baseline,98
174,-1073.7356288156288,12.928616523742676,21,32031,9,0.32398000000000005,4081,203.63415829453567,425.76647880421467,10.7485910316099,1122.6634408602151,60.0,70,47670.75,13,3,5,54.27270291990356,23.33244039646397,22.394856683632465,1.4518602938816032,phase3_baseline,99
175,-1131.9226251526252,12.841173132260641,24,32247,9,0.31942000000000004,3810,193.1485564304462,405.78031496062994,11.109448818897638,1194.8655555555556,60.0,70,45457.75,21,2,1,54.497072911122935,23.230441724321448,22.272485364555614,1.4490405731887788,phase3_baseline,100
176,-1097.7583547008549,12.986098040705143,23,32454,9,0.31505000000000005,4207,209.8818635607321,453.85452816734016,13.596149275017828,1222.6159574468086,90.0,100,75387.75,17,3,3,54.600740349021684,23.18878900052882,22.210470650449498,1.4477244117738937,phase3_baseline,101
177,-936.8533363858364,12.889048783675484,23,32661,9,0.31067999999999996,3818,150.78679937139864,364.671817705605,9.160555264536406,729.6653846153846,90.0,100,61326.75,18,3,2,54.72937467157121,23.147661586967946,22.12296374146085,1.4460755242410588,phase3_baseline,102
178,-1088.5659676434675,12.95343249777089,23,32868,9,0.3063100000000001,3679,177.33596085892907,395.0388692579505,9.974993204675183,829.3345945945946,60.0,70,47921.0,18,2,3,54.882506527415146,23.054830287206265,22.06266318537859,1.4441281174701883,phase3_baseline,103
179,-896.9763125763127,12.675340096155802,24,33084,9,0.3017500000000001,4095,167.25006105006105,387.46959706959706,10.816605616605617,833.8,60.0,70,35209.0,22,0,2,55.12321660181583,22.905317769131,21.971465629053178,1.4410409542104707,phase3_baseline,104
180,-844.924768009768,13.237310149452902,22,33282,9,0.2975700000000001,3573,160.95633921074727,369.58382311782816,9.529806884970613,723.9276243093923,120.0,130,78471.0,17,1,4,55.23465703971119,22.795255286230017,21.970087674058796,1.43962275571136,phase3_baseline,105
181,-1020.0029914529914,12.939698855082193,24,33498,9,0.2930100000000001,4134,166.0503144654088,377.47169811320754,10.58659893565554,1030.775,60.0,70,41158.5,22,0,2,55.47015116576992,22.6492441711504,21.880604663079684,1.4365516476356148,phase3_baseline,106
182,-817.1235622710623,13.305325638164174,22,33696,9,0.28883000000000003,3428,156.00350058343057,376.25962660443406,10.365227537922987,577.3182320441989,60.0,70,38248.75,15,5,2,55.55272542027508,22.643912379011716,21.803362200713195,1.4354432435638471,phase3_baseline,107
183,-1110.0178663003662,12.889247230861498,23,33903,9,0.28446000000000005,3897,176.90069284064666,393.0097510905825,10.891454965357967,1196.0923076923077,60.0,70,52460.0,19,1,3,55.72151898734177,22.531645569620252,21.746835443037973,1.433218191354586,phase3_baseline,108
184,-1114.2302014652014,13.042414405129172,22,34101,9,0.28028,3455,164.55021707670042,372.02373371924745,8.772793053545586,889.7900552486187,60.0,70,57275.25,17,1,4,55.852001006795874,22.426378051849987,21.721620941354143,1.431494865341399,phase3_baseline,109
185,-1038.8909798534798,13.226096987724304,24,34317,9,0.2757200000000001,4257,185.31782945736435,424.543105473338,12.80150340615457,1431.8305555555555,60.0,70,45868.25,21,2,1,56.05302651325663,22.336168084042022,21.61080540270135,1.428785574673772,phase3_baseline,110
186,-1134.9857936507935,12.64225142935048,23,34524,9,0.27135,4140,209.42850241545895,418.50048309178743,10.839130434782609,1227.3434554973821,120.0,130,98132.25,17,2,4,56.141223272003984,22.252610641471904,21.606166086524116,1.4276093666179208,phase3_baseline,111
187,-950.172036019536,12.85950144854459,22,34722,9,0.26717,4337,179.1796172469449,391.1157482130505,10.449388978556605,1130.1552486187845,60.0,70,39748.5,15,5,2,56.21755253399259,22.249690976514216,21.532756489493202,1.426556530969771,phase3_baseline,112
188,-1112.7254181929184,13.050129073006767,21,34911,9,0.2631800000000001,3740,176.18823529411765,384.6251336898396,9.389304812834224,1251.7677419354839,90.0,100,85526.5,13,3,5,56.23309564789771,22.22768625522498,21.539218096877306,1.4263515341969613,phase3_baseline,113
189,-1062.5700824175824,12.895583947499594,24,35127,9,0.25862000000000007,3960,175.28484848484848,387.81717171717173,10.811363636363636,1077.0755555555556,60.0,70,50221.25,21,2,1,56.427174975562075,22.14076246334311,21.43206256109482,1.4236929190081948,phase3_baseline,114
190,-699.3715323565324,12.769094240097772,21,35316,9,0.25463,4352,170.41796875,406.9788602941176,11.513327205882353,980.0941798941799,90.0,100,45195.25,13,2,6,56.44141954302382,22.095284394749633,21.463296062226544,1.4235142929663815,phase3_baseline,115
191,-906.3080433455434,13.020662898109073,21,35505,9,0.2506400000000001,3891,176.71626831148805,410.6764327936263,11.569776407093292,1259.9754098360656,90.0,100,61523.75,14,2,5,56.47969052224371,22.05029013539652,21.470019342359766,1.422998431683199,phase3_baseline,116
192,-1249.527735042735,12.960748710632323,25,35730,9,0.24589000000000005,3892,196.27183967112023,429.90775950668035,12.440133607399794,1314.1777173913044,60.0,70,50208.75,23,1,1,56.70350792888035,21.9365689572321,21.359923113887554,1.4199043104481217,phase3_baseline,117
193,-993.4840476190477,12.98822494506836,25,35955,9,0.24114000000000013,3509,148.91279566828157,358.96665716728415,10.128526645768025,923.2804347826087,60.0,70,52465.5,23,1,1,56.924546322827126,21.824259789875835,21.251193887297042,1.4168197156331208,phase3_baseline,118
194,-838.410753968254,12.611520850140115,23,36162,9,0.23677000000000004,4062,158.9603643525357,370.0337272279665,10.139586410635156,798.85,60.0,70,33724.0,18,3,2,57.05128205128205,21.771130104463438,21.17758784425451,1.4150337454852029,phase3_baseline,119
195,-902.0497191697192,12.972632845242819,24,36378,9,0.23221000000000003,4122,162.76297913634158,405.6785540999515,12.199902959728288,1122.7252688172043,60.0,70,42745.25,19,4,1,57.18668869483125,21.73707812131225,21.076233183856502,1.4131051819869764,phase3_baseline,120
196,-1089.2026282051281,12.79951344365659,23,36585,9,0.22784000000000004,4042,177.17219198416626,384.0423057892133,10.219445818901534,916.3612565445026,120.0,130,108226.75,16,4,3,57.24008448720957,21.708519126965502,21.051396385824926,1.4123481282385644,phase3_baseline,121
197,-1125.3338095238096,13.009487549463907,24,36801,9,0.22328000000000003,3867,161.34678044996122,371.2182570468063,9.817946728730282,1007.9594444444444,60.0,70,51797.0,20,4,0,57.39617358842744,21.675221651889874,20.92860475968269,1.4101017441003685,phase3_baseline,122
198,-1088.1951648351649,12.44892156124115,24,37017,9,0.21872000000000003,3925,195.33248407643313,417.1171974522293,12.958726114649682,1075.973888888889,60.0,70,46105.5,21,2,1,57.57364880538158,21.595917420552077,20.830433774066343,1.4075493581948852,phase3_baseline,123
199,-1126.793485958486,12.686181565989619,23,37224,9,0.21435000000000004,3737,159.10971367407012,365.65319775220763,9.13888145571314,1244.934054054054,60.0,70,47449.25,18,2,3,57.693194925028834,21.52249134948097,20.784313725490197,1.405829856880294,phase3_baseline,124
200,-1167.8178876678876,12.691534399986267,24,37440,9,0.20979000000000003,3909,178.27372729598363,383.59810693271936,10.292402148887183,1212.3933333333334,60.0,70,53416.5,21,2,1,57.866972477064216,21.444954128440365,20.68807339449541,1.4033003078238797,phase3_baseline,125
201,-905.9055952380952,13.137328109741212,25,37665,9,0.20504,3492,154.53264604810997,383.75515463917526,10.79782359679267,561.2130434782608,60.0,70,33619.5,22,3,0,58.048335613315096,21.386228910168718,20.56543547651619,1.400628917045542,phase3_baseline,126
202,-922.4010714285716,13.19833925495977,23,37872,9,0.20067000000000002,4314,181.3245248029671,407.4728789986092,11.132359758924432,984.1461538461539,60.0,70,34402.0,19,1,3,58.1859410430839,21.292517006802722,20.521541950113377,1.3986158345740478,phase3_baseline,127
203,-1200.9393437118438,12.927491784095764,24,38088,9,0.19611000000000012,4002,207.53023488255872,432.4647676161919,12.242628685657172,1323.5150537634408,60.0,70,52131.0,20,2,2,58.33145434047351,21.21758737316798,20.45095828635851,1.3964615840668144,phase3_baseline,128
204,-961.9725793650794,12.774510426954789,22,38286,9,0.19193000000000005,4112,167.17436770428014,384.1624513618677,9.714007782101167,1058.3989130434782,60.0,70,42749.5,16,2,4,58.41184387617766,21.152983400628084,20.43517272319426,1.3952780019363789,phase3_baseline,129
205,-1054.266175213675,12.842253436212955,23,38493,9,0.18756000000000006,3946,199.54688291941207,423.43436391282313,11.815762797769894,1029.1521978021979,60.0,70,38053.5,19,1,3,58.54529228023204,21.06202588130299,20.39268183846497,1.3932956253358046,phase3_baseline,130
206,-1128.7462148962147,13.039129257202148,22,38691,9,0.18338,3950,198.49215189873416,429.65772151898733,11.766835443037975,1096.940760869565,60.0,70,46866.5,17,0,5,58.64594894561598,20.95449500554939,20.399556048834626,1.391809002792728,phase3_baseline,131
207,-827.6530067155069,12.87418250242869,24,38907,9,0.1788200000000001,3910,187.11713554987213,421.22046035805624,11.885677749360614,1013.7645161290322,60.0,70,36108.25,20,2,2,58.78587196467991,20.88300220750552,20.33112582781457,1.3896991423929674,phase3_baseline,132
208,-1113.4253418803419,12.73726580359719,22,39105,9,0.17464000000000002,4082,190.3655071043606,408.77462028417443,11.10999510044096,1065.4696132596684,90.0,100,80443.0,17,1,4,58.86228860092246,20.82143641555019,20.316274983527343,1.3885502914760608,phase3_baseline,133
209,-1156.6650793650795,12.7743789599492,26,39339,9,0.16970000000000007,4409,160.1846223633477,370.1746427761397,11.112497164889998,1004.6884615384615,60.0,70,46857.75,26,0,0,59.104803493449786,20.69868995633188,20.19650655021834,1.3848543594275693,phase3_baseline,134
210,-1032.564481074481,12.582749366760254,22,39537,9,0.1655200000000001,4244,196.23963242224318,428.4978793590952,11.970782280867107,1079.1883977900552,60.0,70,43135.25,17,1,4,59.20052139908755,20.61698892026939,20.18248968064306,1.3833969593342998,phase3_baseline,135
211,-1183.1703174603176,12.887598331157978,26,39771,9,0.16057999999999995,3721,183.85434023112066,388.6143509809191,11.26337006181134,1140.1605405405405,60.0,70,47996.0,25,1,0,59.41684665226782,20.518358531317496,20.064794816414686,1.3800547412359845,phase3_baseline,136
212,-796.3458119658119,12.989819717407226,25,39996,9,0.15583000000000014,3902,179.65504869297797,399.06970784213223,12.073552024602767,662.7852631578947,120.0,130,54968.5,22,1,2,59.557560137457045,20.425257731958762,20.017182130584192,1.3778746332328846,phase3_baseline,137
213,-1191.4207539682538,12.985060691833496,25,40221,9,0.1510800000000001,3894,182.67103235747302,404.274011299435,11.358757062146893,990.0364130434782,60.0,70,51481.75,22,3,0,59.718069201196066,20.375907731738575,19.906023067065355,1.3753556812399992,phase3_baseline,138
214,-1202.5984126984126,12.835901222229005,25,40446,9,0.14633000000000007,3929,179.91880885721557,407.5795367778061,11.526851616187326,1059.3260869565217,60.0,70,43641.0,23,1,1,59.89804587935429,20.28462192013594,19.81733220050977,1.3725241266095527,phase3_baseline,139
215,-1232.0960012210012,13.075669328371683,24,40662,9,0.14177000000000006,3788,178.85110876451952,419.01583949313624,12.623812038014783,1314.156989247312,60.0,70,57459.5,21,0,3,60.04648214663004,20.1774772871329,19.77604056623706,1.3701841245389934,phase3_baseline,140
216,-1067.360467032967,12.843760371208191,24,40878,9,0.13721000000000005,3575,184.98405594405594,418.46293706293704,12.449510489510489,902.7883333333333,60.0,70,46347.25,21,2,1,60.19335855401429,20.11349306431274,19.693148381672973,1.3678426715292509,phase3_baseline,141
217,-1092.1630555555557,12.81922649383545,25,41103,9,0.13246000000000002,4104,196.67909356725147,432.21320662768034,13.376949317738791,1129.2215469613259,60.0,70,41274.25,23,2,0,60.367892976588635,20.045986622073578,19.58612040133779,1.3650404151786244,phase3_baseline,142
218,-1104.5522435897435,12.909305771191915,24,41319,9,0.1279,4131,177.80440571290245,401.2662793512467,11.178891309610265,1063.1825396825398,90.0,100,77968.75,20,1,3,60.46995217300895,19.98336452484924,19.54668330214182,1.3634007623140794,phase3_baseline,143
219,-1095.3493498168498,12.812460250854492,25,41544,9,0.12314999999999998,4025,190.72596273291924,418.84745341614905,13.104347826086956,1157.5277173913043,60.0,70,52446.0,23,1,1,60.641158221303,19.89658738366081,19.462254395036194,1.3606301223533102,phase3_baseline,144
220,-1447.3013736263733,13.221237182617188,24,41760,9,0.11859000000000008,3728,202.8417381974249,411.6295600858369,10.274678111587983,1567.9133333333334,60.0,70,65175.25,22,0,2,60.802469135802475,19.79423868312757,19.403292181069958,1.358009642110394,phase3_baseline,145
221,-1178.31152014652,13.141199032465616,24,41976,9,0.11403000000000008,3657,180.91441071916873,401.54252119223406,10.63111840306262,1029.2111111111112,90.0,100,88254.75,19,3,2,60.880245649948826,19.77482088024565,19.34493346980553,1.3567314846373808,phase3_baseline,146
222,-983.9937393162393,12.997945666313171,24,42192,9,0.10947000000000007,3319,153.18830973184694,354.42060861705335,9.64477252184393,923.4461111111111,60.0,70,49259.75,21,2,1,61.01832993890021,19.71486761710794,19.266802443991853,1.354460706227861,phase3_baseline,147
223,-1311.1036416361414,12.91275909423828,25,42417,9,0.10472000000000004,4050,174.6501234567901,382.52814814814815,10.748888888888889,983.5951086956521,60.0,70,51897.75,23,1,1,61.18314424635333,19.63128038897893,19.18557536466775,1.351739118560409,phase3_baseline,148
224,-1489.3,13.081327071556679,26,42651,9,0.09978000000000009,3759,163.77999467943602,367.8366586858207,9.468475658419793,1419.5307692307692,60.0,70,63195.0,26,0,0,61.3943179528511,19.52448116058835,19.08120088656055,1.3482277766363313,phase3_baseline,149
225,-1249.877909035409,12.954972229003907,25,42876,9,0.09503000000000006,3750,189.84,406.4325333333333,11.292,1253.8896739130435,60.0,70,64918.0,23,1,1,61.55542192824214,19.442774103026657,19.00180396873121,1.3455308071993022,phase3_baseline,150
226,-1034.867612942613,12.558793487548828,25,43101,9,0.09028000000000003,4638,160.6739974126779,393.01573954290643,11.449331608451919,1033.3580110497237,60.0,70,47647.25,24,0,1,61.73479561316052,19.3419740777667,18.923230309072782,1.342512551226685,phase4_high,1
227,-1331.8537576312576,12.876310768127441,25,43326,9,0.08553,4229,182.3970205722393,424.77630645542683,12.56230787420194,1434.309239130435,60.0,70,56436.5,23,1,1,61.89248165046618,19.262051180321365,18.84546716921246,1.3398401851910313,phase4_high,2
228,-1452.3634523809521,12.983142339266264,26,43560,9,0.08059000000000005,4250,193.62870588235293,426.9364705882353,12.074588235294117,1270.4367567567567,60.0,70,50990.0,25,1,0,62.07576953433307,19.179163378058405,18.745067087608525,1.336711588679096,phase4_high,3
229,-959.3909035409038,12.766781131426493,24,43776,9,0.07603000000000004,4450,169.02921348314607,394.88112359550564,11.487640449438203,1103.8022222222223,60.0,70,37071.0,22,0,2,62.22265855095229,19.08501865305321,18.6923227959945,1.3341982316400665,phase4_high,4
230,-1459.2543650793652,12.837348424471342,26,44010,9,0.07108999999999999,3973,207.23105965265543,455.9899320412786,13.645607853007803,1781.7576923076922,60.0,70,58270.75,26,0,0,62.42187500000001,18.984375,18.59375,1.3307598380959962,phase4_high,5
231,-1200.4317155067156,12.81053424835205,25,44235,9,0.06634000000000007,4358,182.59040844424047,431.11106011932077,12.477512620468104,1546.0602209944752,60.0,70,47513.0,24,0,1,62.59230470268169,18.888457054022542,18.519238243295764,1.3278017907992798,phase4_high,6
232,-1468.254484126984,12.861203413743238,26,44469,9,0.06140000000000001,3505,182.7286733238231,431.5774607703281,12.621683309557774,1132.9978378378378,60.0,70,67422.75,25,1,0,62.76821960177846,18.80920162381597,18.42257877440557,1.3247239965942201,phase4_high,7
233,-1125.6752136752136,12.983819541931153,25,44694,9,0.05665000000000009,3951,169.58238420652998,392.1278157428499,11.438876233864844,813.7149171270718,60.0,70,41455.0,24,0,1,62.93517984227736,18.715137526447393,18.349682631275247,1.3217907076757707,phase4_high,8
234,-1449.057905982906,13.03305923461914,25,44919,9,0.05190000000000006,3896,194.0572381930185,427.0115503080082,12.229209445585216,1212.3414364640885,60.0,70,59092.5,24,0,1,63.100478468899524,18.62200956937799,18.277511961722485,1.3188694814133377,phase4_high,9
235,-1461.8173382173381,13.213103179931641,25,45144,9,0.05,3644,230.43029637760702,456.1234906695939,13.400933040614708,1301.1239130434783,60.0,70,62762.5,23,1,1,63.24509617215769,18.54884783850695,18.206055989335365,1.3162975486172712,phase4_high,10
236,-1476.1335744810744,12.944631099700928,24,45360,9,0.05,3572,184.40173572228443,426.2329227323628,11.871220604703247,1654.795,60.0,70,54745.0,21,2,1,63.36239575435937,18.498862774829416,18.13874147081122,1.314199333469611,phase4_high,11
237,-1468.9190476190477,13.250125591571514,26,45594,9,0.05,4095,195.08424908424908,424.98168498168496,12.586813186813187,1421.15,60.0,70,46135.0,26,0,0,63.548934565340375,18.40467659815199,18.04638883650764,1.3108490357095226,phase4_high,12
238,-917.7837606837608,12.784348907470703,25,45819,9,0.05,4208,169.93963878326997,404.5743821292776,12.443678707224334,1085.8541436464088,60.0,70,42663.75,24,0,1,63.708012760367794,18.314880840683053,17.977106398949147,1.3079774361255632,phase4_high,13
239,-1559.768888888889,12.89455065360436,26,46053,9,0.05,3754,178.75093233883857,387.47336174746937,10.619872136387853,1490.095135135135,60.0,70,67078.75,25,1,0,63.872292755787896,18.241224794622855,17.886482449589245,1.30499009729157,phase4_high,14
240,-1004.4250000000001,12.818410946772648,26,46287,9,0.05,4296,199.6054469273743,448.7916666666667,15.06913407821229,1113.3725274725275,60.0,70,36900.0,26,0,0,64.05350176481515,18.14973063347576,17.796767601709085,1.301678169683636,phase4_high,15
241,-1716.071468253968,12.798977661132813,25,46512,9,0.05,3642,215.6232839099396,450.9511257550796,13.473366282262493,1519.811049723757,90.0,100,116376.5,23,2,0,64.1708264004437,18.11795156221113,17.711222037345166,1.2995144888658272,phase4_high,16
242,-1355.0750000000003,13.028888152195858,26,46746,9,0.05,4396,182.87261146496814,435.14649681528664,12.924476797088262,1368.484065934066,60.0,70,56205.0,26,0,0,64.34878587196468,18.027961736571008,17.623252391464312,1.2962288636489732,phase4_high,17
243,-1466.7264041514045,12.652290095453678,23,46953,9,0.05,4129,210.09663356744974,438.7648341002664,12.158876241220634,1695.301081081081,60.0,70,55038.5,19,0,4,64.43223443223444,17.94871794871795,17.61904761904762,1.294692336764054,phase4_high,18
244,-1435.4543650793653,13.115784608400785,26,47187,9,0.05,4048,192.4812252964427,435.0279150197629,13.622776679841897,1259.3115384615385,60.0,70,66315.5,26,0,0,64.60725350829233,17.86039730271551,17.532349188992164,1.2914323205939688,phase4_high,19
245,-1567.3107142857143,12.799343549288237,26,47421,9,0.05,3712,190.89224137931035,443.7852909482759,13.870150862068966,1656.9626373626375,60.0,70,62904.0,26,0,0,64.78055857816467,17.772941603191875,17.446499818643453,1.2881851872981291,phase4_high,20
246,-1065.370198412698,12.896485805511475,26,47655,9,0.05,3803,173.54220352353406,401.70391795950565,11.423349986852484,828.8108108108108,60.0,70,36666.0,25,1,0,64.93412741382421,17.704385489983757,17.361487096192025,1.2852895159572153,phase4_high,21
247,-1448.225396825397,12.875572754786564,26,47889,9,0.05,4137,201.68987188784143,453.1527677060672,14.380710659898478,1454.5104395604396,60.0,70,61770.75,26,0,0,65.10416666666666,17.618534482758623,17.277298850574713,1.2820685793894309,phase4_high,22
248,-1205.177261904762,13.222724547752968,26,48123,9,0.05,4682,187.2054677488253,436.9581375480564,13.583297736010252,1235.0637837837837,60.0,70,44411.25,25,1,0,65.25469168900804,17.551385165326185,17.193923145665774,1.2791994058486407,phase4_high,23
249,-1129.158608058608,12.944007263183593,25,48348,9,0.05,3958,156.57074279939363,381.7415361293583,11.28322385042951,805.9077348066298,60.0,70,47981.5,24,0,1,65.3976160825476,17.470201031844866,17.132182885607545,1.2764668090058435,phase4_high,24
250,-1649.418253968254,13.22686320084792,26,48582,9,0.05,3866,187.35411277806517,437.81427832384895,13.138903259182618,1466.7269230769232,60.0,70,68094.75,26,0,0,65.56303116147308,17.386685552407933,17.05028328611898,1.2732849264425994,phase4_high,25
251,-1575.9171367521367,12.99740520477295,25,48807,9,0.05,3337,201.06532813904704,423.4989511537309,11.492358405753672,1428.924456521739,60.0,70,76405.5,23,1,1,65.68558336270709,17.32463870285513,16.989777934437786,1.2709163188210812,phase4_high,26
252,-1256.8089133089134,13.092760761578878,24,49023,9,0.05,4304,192.7864776951673,441.39846654275095,13.503717472118959,1617.6044444444444,60.0,70,47816.0,22,0,2,65.80101772240744,17.248640112300404,16.950342165292156,1.2686811668304632,phase4_high,27
253,-1020.8752838827838,13.053096254666647,24,49239,9,0.05,4319,176.82333873581848,397.01667052558463,10.990275526742302,1184.3874316939891,60.0,70,43934.25,21,1,2,65.89797344514325,17.19077568134172,16.911250873515023,1.266795422379693,phase4_high,28
254,-1483.6115873015872,13.081633824568529,26,49473,9,0.05,4185,195.9763440860215,434.9639187574671,13.2,1472.6583783783783,60.0,70,62627.5,25,1,0,66.04068857589984,17.127456094592244,16.83185532950791,1.2640033641736605,phase4_high,29
255,-1365.4944047619051,12.990609127542246,23,49680,9,0.05,4154,199.02022147327878,420.9530572941743,12.051516610495907,1703.852197802198,90.0,100,86770.75,16,7,0,66.04329004329004,17.194805194805195,16.761904761904763,1.263931134698603,phase4_high,30
256,-1335.3081868131871,12.760241088867188,25,49905,9,0.05,4367,193.6819326768949,427.8921456377376,11.749026791847951,1273.4570652173913,60.0,70,52256.25,23,1,1,66.1610067229788,17.13497672815032,16.704016548870886,1.2616199819710796,phase4_high,31
257,-1397.15173992674,12.82939121246338,25,50130,9,0.05,3818,164.6702462022001,385.7134625458355,10.194604504976427,1397.1950276243094,60.0,70,51621.25,24,0,1,66.29483439162519,17.058520679594988,16.646644928779818,1.2589847087200492,phase4_high,32
258,-1350.5336111111112,12.908736925858717,26,50364,9,0.05,4182,200.28240076518412,445.57651841224293,13.45767575322812,1031.4870270270271,60.0,70,42256.5,25,1,0,66.433208062863,16.996925179364535,16.569866757772463,1.2562414738840242,phase4_high,33
259,-1267.1170634920632,13.034910128666805,26,50598,9,0.05,4307,159.8725330856745,392.19642442535405,11.352217320640817,1196.332967032967,60.0,70,56001.5,26,0,0,66.58731508246896,16.918891345009353,16.49379357252168,1.2531751417553376,phase4_high,34
260,-1642.5555555555554,12.933888765481802,26,50832,9,0.05,3739,197.5469376838727,416.26905589729876,11.3276277079433,1567.1884615384615,60.0,70,64381.0,26,0,0,66.74001354096141,16.841570751523356,16.418415707515233,1.250121647067052,phase4_high,35
261,-1127.8057936507937,12.766722297668457,25,51057,9,0.05,3773,179.41134375828253,420.2544394381129,11.587861118473363,913.1566844919786,120.0,130,94640.0,22,2,1,66.81833501853724,16.801482979440514,16.380182002022245,1.248549740480185,phase4_high,36
262,-1630.5813492063492,13.326165199279785,26,51291,9,0.05,4218,194.17496443812234,431.5981507823613,12.00403034613561,1641.9582417582417,60.0,70,58894.0,26,0,0,66.96862942459319,16.7253816473746,16.305988928032207,1.2455218567418105,phase4_high,37
263,-1488.9325793650794,13.022749130542461,26,51525,9,0.05,3638,192.22649807586586,422.566794942276,12.821330401319406,1219.0524324324324,60.0,70,62592.0,25,1,0,67.10086840347361,16.666666666666664,16.23246492985972,1.2428424614622624,phase4_high,38
264,-1445.7805555555556,12.886557212242714,26,51759,9,0.05,4139,196.45808166223725,425.03430780381734,13.02101956994443,1264.5857142857142,60.0,70,63299.75,26,0,0,67.24854530340815,16.59185369908562,16.159600997506235,1.2398402115015028,phase4_high,39
265,-1687.2688339438341,13.350412483215331,25,51984,9,0.05,3934,201.98601931875953,437.16903914590745,12.075749872902898,1792.6082872928177,60.0,70,65808.5,24,0,1,67.37295149809634,16.520443635159744,16.10660486674392,1.2373030984168607,phase4_high,40
266,-1604.911749084249,13.262001152038573,25,52209,9,0.05,3756,191.04233226837061,405.28647497337596,11.257188498402556,1491.3559782608695,90.0,100,89897.25,23,1,1,67.46332619086863,16.482610845557936,16.05406296357343,1.2354484069795402,phase4_high,41
267,-1342.7170634920635,13.138769773336557,26,52443,9,0.05,4190,162.2797136038186,392.6794749403341,11.84964200477327,1199.6994505494506,60.0,70,62183.5,26,0,0,67.60748276993765,16.40958319658681,15.982934033475548,1.2324836070263148,phase4_high,42
268,-1438.6,13.251482816842886,26,52677,9,0.05,3971,191.3807605137245,425.28859229413246,12.745152354570637,1369.4807692307693,60.0,70,59250.25,26,0,0,67.75036758699558,16.337199803953602,15.912432609050809,1.22953145346915,phase4_high,43
269,-1263.5924206349207,13.036294937133789,26,52911,9,0.05,4361,182.52419169915157,408.2082091263472,12.49805090575556,1189.2091891891891,60.0,70,46990.75,25,1,0,67.87573194534808,16.281717631750162,15.842550422901757,1.2269270818106186,phase4_high,44
270,-1962.725,13.008579364189735,26,53145,9,0.05,3300,183.09242424242424,402.7121212121212,9.807575757575757,1775.5868131868133,60.0,70,87683.25,26,0,0,68.0161943319838,16.210526315789473,15.773279352226721,1.2240001998391323,phase4_high,45
271,-1486.7539682539682,12.985569953918457,26,53379,9,0.05,4182,201.1922525107604,455.0255858440937,13.746532759445241,1505.4027472527473,60.0,70,49651.75,26,0,0,68.15543373105449,16.13995485327314,15.704611415672364,1.2210858879405502,phase4_high,46
272,-979.7355921855922,13.209795570373535,25,53604,9,0.05,4190,165.20238663484486,397.1045346062053,11.93890214797136,946.3756906077348,60.0,70,43423.5,24,0,1,68.2723185613359,16.072575465639048,15.65510597302505,1.2186326636027789,phase4_high,47
273,-1183.6511904761903,13.21046363390409,26,53838,9,0.05,4440,159.96554054054053,390.40788288288286,11.467117117117118,1115.3642857142856,60.0,70,50029.25,26,0,0,68.40927258193446,16.003197442046364,15.587529976019185,1.2157429364615293,phase4_high,48
274,-861.9722832722831,13.317941970825196,25,54063,9,0.05,4234,170.55597543693906,397.52550779404817,11.57203589985829,984.4088397790056,60.0,70,31914.25,24,0,1,68.52412036299953,15.936952714535902,15.538926922464578,1.213313001540354,phase4_high,49
275,-1203.7055555555555,18.673411406003513,26,54297,9,0.05,4049,190.7547542603112,422.10471721412694,13.115831069399851,796.6774725274726,60.0,70,45754.75,26,0,0,68.65884590995562,15.86873811033608,15.472415979708307,1.2104477136370788,phase4_high,50
276,-1175.2964285714284,30.665275846208846,21,54486,9,0.05,3775,207.58490066225167,439.50490066225166,11.91205298013245,1451.5983333333334,90.0,100,92154.25,10,11,0,68.5781990521327,16.003159557661927,15.418641390205371,1.212122144282262,phase4_high,51
277,-1140.2260805860806,22.921079535233346,19,54657,9,0.05,3873,203.2791117996385,443.72217918925895,11.704621740253033,1036.0058823529412,120.0,130,116447.0,2,16,1,68.39370078740158,16.20472440944882,15.401574803149606,1.215964369863515,phase4_high,52
278,-942.9044444444444,19.855602446056547,21,54846,9,0.05,4450,179.36314606741573,396.91213483146066,10.772584269662921,1190.1972222222223,60.0,70,37568.5,10,11,0,68.33019460138104,16.321406151914626,15.34839924670433,1.2172368839358043,phase4_high,53
279,-1452.539603174603,19.589211610647347,26,55080,9,0.05,4327,204.33348740466838,431.90593944996533,13.05939449965334,1432.8562162162161,60.0,70,62581.0,25,1,0,68.44819503047351,16.268166901078292,15.283638068448195,1.2147371553455588,phase4_high,54
280,-1171.3063492063493,18.610455072843113,26,55314,9,0.05,4205,156.0463733650416,394.9350772889417,11.053983353151011,1389.9082417582417,60.0,70,50584.5,26,0,0,68.58076563958917,16.199813258636787,15.219421101774042,1.2119253077655858,phase4_high,55
281,-1467.5986568986568,19.6433740234375,25,55539,9,0.05,3494,179.88236977676016,382.2990841442473,10.055523755008586,1467.0259668508288,60.0,70,62613.5,24,0,1,68.69187848729077,16.134531928084314,15.173589584624922,1.2095666584816327,phase4_high,56
282,-1038.1134615384615,19.473898468017577,25,55764,9,0.05,3705,167.1570850202429,401.7497975708502,11.36626180836707,653.2276243093922,60.0,70,42984.5,24,0,1,68.8020994133992,16.06977462179685,15.128125964803951,1.2072186426218594,phase4_high,57
283,-1360.5583333333334,19.516438264113205,26,55998,9,0.05,3270,177.25412844036697,413.8159021406728,13.256880733944953,1057.9895604395604,60.0,70,65776.0,26,0,0,68.93159108378171,16.00307455803228,15.06533435818601,1.2044414329769109,phase4_high,58
284,-1408.993888888889,19.31600460639367,26,56232,9,0.05,4258,190.72545796148427,414.6470173790512,12.526303428839832,1336.465945945946,60.0,70,49169.0,25,1,0,69.04470300061237,15.952235150030619,15.00306184935701,1.2019997594348582,phase4_high,59
285,-1369.7688644688642,19.487378349304198,25,56457,9,0.05,4027,201.16190712689348,435.21306183262976,12.931462627265955,1391.9027624309392,60.0,70,57778.75,24,0,1,69.15218054284843,15.88899054589814,14.95882891125343,1.1996848232447967,phase4_high,60
286,-1588.250396825397,19.433668943551872,26,56691,9,0.05,3808,169.71612394957984,405.03308823529414,11.360031512605042,1358.9175824175825,60.0,70,64061.0,26,0,0,69.27866362946091,15.823842065299923,14.897494305239182,1.1969423782704902,phase4_high,61
287,-1037.9253571428571,19.00312414623442,21,56880,9,0.05,3399,167.62106501912328,385.3762871432774,9.667549279199765,975.4431693989071,90.0,100,77006.5,9,12,0,69.18419857726653,15.967912819736643,14.847888602996823,1.198900050023958,phase4_high,62
288,-1376.7318253968253,18.87054878234863,25,57105,9,0.05,4527,200.36580516898607,433.3638170974155,12.751711950519107,1554.05935828877,90.0,100,76344.0,21,4,0,69.22960952811698,15.980702547866727,14.789687924016281,1.1978764876467705,phase4_high,63
289,-1596.5599206349207,19.039713566119854,26,57339,9,0.05,3993,180.0816428750313,397.6306035562234,10.812171299774606,1207.5082417582419,60.0,70,55353.0,26,0,0,69.35435435435436,15.915915915915916,14.72972972972973,1.1951657915186291,phase4_high,64
290,-953.8124542124542,19.435445229212444,24,57555,9,0.05,3822,144.2888540031397,373.0902668759812,9.953427524856096,628.38,120.0,130,83641.75,22,0,2,69.4240837696335,15.856394913986538,14.719521316379955,1.1936715049772346,phase4_high,65
291,-1218.0059523809523,19.113001163189228,26,57789,9,0.05,3901,200.75544732119968,421.96180466547037,11.659830812612151,903.4115384615385,60.0,70,43486.0,26,0,0,69.54707985697259,15.792610250297972,14.66030989272944,1.190982532705421,phase4_high,66
292,-1110.3472222222222,19.182213599865253,26,58023,9,0.05,3655,160.74746922024624,394.09740082079344,11.379480164158688,855.6879120879121,60.0,70,50279.75,26,0,0,69.66909036949103,15.729336696839294,14.601572933669685,1.1883049258669969,phase4_high,67
293,-1102.3592063492065,18.982197205225628,24,58239,9,0.05,3927,182.2330022918258,407.7450980392157,11.53781512605042,894.120218579235,60.0,70,36663.5,19,5,0,69.70727380248374,15.745121230041395,14.547604967474866,1.1874254725255415,phase4_high,68
294,-1149.7767704517703,18.696566123962402,25,58464,9,0.05,3777,170.52581413820494,399.86735504368545,12.209954990733387,836.2453038674033,60.0,70,49664.75,24,0,1,69.80854197349042,15.68483063328424,14.506627393225333,1.1852015216110359,phase4_high,69
295,-1618.7890476190478,19.053438663482666,24,58680,9,0.05,4087,219.07266943968682,460.50770736481525,14.15292390506484,1713.6190476190477,120.0,130,143598.5,20,1,3,69.8459280997799,15.641966250917093,14.51210564930301,1.1844013784626823,phase4_high,70
296,-1062.7726800976802,18.707311477661133,25,58905,9,0.05,4752,161.26494107744108,396.1990740740741,11.186026936026936,1054.1397790055248,60.0,70,41964.25,24,0,1,69.94591434000877,15.582517175851486,14.471568484139747,1.1821955928701275,phase4_high,71
297,-1275.7290476190474,19.038766555786133,25,59130,9,0.05,4350,184.11333333333334,434.93885057471266,13.38528735632184,1190.5591160220995,60.0,70,53987.5,23,2,0,70.03058103975535,15.552643075578857,14.416775884665793,1.1803003301232282,phase4_high,72
298,-1118.3444444444444,18.909259135906513,26,59364,9,0.05,3950,159.62759493670887,379.28506329113924,11.322025316455695,764.8192307692308,60.0,70,43815.0,26,0,0,70.147954743255,15.491731940818102,14.360313315926893,1.1776858371664614,phase4_high,73
299,-1523.5837301587305,18.769693007835976,26,59598,9,0.05,4141,191.77082830234244,423.8321661434436,12.858971262979956,1444.9763736263735,60.0,70,65437.25,26,0,0,70.26441265713046,15.431296055483312,14.304291287386217,1.1750823628749671,phase4_high,74
300,-1487.4198412698415,19.64306486569918,26,59832,9,0.05,4039,186.7719732607081,428.5471651398861,12.948502104481307,1323.565934065934,60.0,70,63644.25,26,0,0,70.37996545768567,15.3713298791019,14.248704663212436,1.1724898669235138,phase4_high,75
